Test Year,Single-Year AUC,Rolling 3-Year AUC,Improvement
2018,0.712,0.721,0.009000000000000008
2019,0.692,0.708,0.016000000000000014
2020,0.687,0.703,0.015999999999999903
2021,0.687,0.703,0.015999999999999903
2022,0.709,0.731,0.02200000000000002
2023,0.712,0.72,0.008000000000000007
