{
  "threshold": 0.17000000000000004,
  "sens": 0.5097087378640777,
  "spec": 0.9280860702151755,
  "ppv": 0.2924791086350975,
  "npv": 0.9701094998520272,
  "tp": 105,
  "fp": 254,
  "fn": 101,
  "tn": 3278,
  "n": 3738
}