metric,value
AUC_new,0.8721309470142609
AUC_old,0.8806762581226841
NRI,0.5329140507317288
IDI,-0.05412987263136687
